_Aburria_							_Aburria_
_Acanthisitta_							_Acanthisitta_
_Acryllium_							_Acryllium_
_Aegotheles_							_Aegotheles_
_Aerodramus_							_Aerodramus_
_Afropavo_							_Afropavo_
_Aimophila_							_Aimophila_
_Alcedo_							_Alcedo_
_Alectoris_							_Alectoris_
_Alectura_							_Alectura_
_Amazona_							_Amazona_
_Ammodramus_							_Ammodramus_
_Amphispiza_							_Amphispiza_
_Anas_								_Anas_
_Anser_								_Anser_
_Anseranas_							_Anseranas_
_Antigone_							_Antigone_
_Apaloderma_							_Apaloderma_
_Aphelocoma_							_Aphelocoma_
_Aptenodytes_							_Aptenodytes_
_Apteryx_							_Apteryx_
_Aquila_							_Aquila_
_Ara_								_Ara_
_Arachnothera_							_Arachnothera_
_Arborophila_							_Arborophila_
_Arremon_							_Arremon_
_Arremonops_							_Arremonops_
_Artemisiospiza_						_Artemisiospiza_
_Atelornis_							_Atelornis_
_Atlapetes_							_Atlapetes_
_Aythya_							_Aythya_
_Balearica_							_Balearica_
_Bambusicola_							_Bambusicola_
_Bombycilla_							_Bombycilla_
_Bonasa_							_Bonasa_
_Brachygalba_							_Brachygalba_
_Branta_							_Branta_
_Bucco_								_Bucco_
_Buteo_								_Buteo_
_Cacatua_							_Cacatua_
_Calamospiza_							_Calamospiza_
_Calandrella_							_Calandrella_
_Caloenas_							_Caloenas_
_Caloperdix_							_Caloperdix_
_Calyptomena_							_Calyptomena_
_Cardinalis_							_Cardinalis_
_Cathartes_							_Cathartes_
_Catreus_							_Catreus_
_Centropus_							_Centropus_
_Chaetura_							_Chaetura_
_Chalcopsitta_							_Chalcopsitta_
_Chamaepetes_							_Chamaepetes_
_Charadrius_							_Charadrius_
_Charmosyna_							_Charmosyna_
_Chauna_							_Chauna_
_Chloroceryle_							_Chloroceryle_
_Chlorospingus_							_Chlorospingus_
_Chondestes_							_Chondestes_
_Chroicocephalus_						_Chroicocephalus_
_Chrysolophus_							_Chrysolophus_
_Chunga_							_Chunga_
_Climacteris_							_Climacteris_
_Coccyzus_							_Coccyzus_
_Colibri_							_Colibri_
_Colinus_							_Colinus_
_Colius_							_Colius_
_Columba_							_Columba_
_Columbina_							_Columbina_
_Corvus_							_Corvus_
_Cotinga_							_Cotinga_
_Coturnix_							_Coturnix_
_Crax_								_Crax_
_Crinifer_							_Crinifer_
_Crossoptilon_							_Crossoptilon_
_Crypturellus_							_Crypturellus_
_Cyrtonyx_							_Cyrtonyx_
_Dendrocolaptes_						_Dendrocolaptes_
_Dendrocygna_							_Dendrocygna_
_Deroptyus_							_Deroptyus_
_Dicaeum_							_Dicaeum_
_Dromas_							_Dromas_
_Dryobates_							_Dryobates_
_Dryocopus_							_Dryocopus_
_Egretta_							_Egretta_
_Elaenia_							_Elaenia_
_Elanoides_							_Elanoides_
_Elanus_							_Elanus_
_Eos_								_Eos_
_Euchrepomis_							_Euchrepomis_
_Eudocimus_							_Eudocimus_
_Eudromia_							_Eudromia_
_Eurylaimus_							_Eurylaimus_
_Eurypyga_							_Eurypyga_
_Falcipennis_							_Falcipennis_
_Falco_								_Falco_
_Ficedula_							_Ficedula_
_Florisuga_							_Florisuga_
_Fringilla_							_Fringilla_
_Fulmarus_							_Fulmarus_
_Furnarius_							_Furnarius_
_Galbula_							_Galbula_
_Gallus_							_Gallus_
_Gavia_								_Gavia_
_Geobiastes_							_Geobiastes_
_Geospiza_							_Geospiza_
_Geothlypis_							_Geothlypis_
_Geotrygon_							_Geotrygon_
_Glareola_							_Glareola_
_Goura_								_Goura_
_Guttera_							_Guttera_
_Haematopus_							_Haematopus_
_Haliaeetus_							_Haliaeetus_
_Hemiprocne_							_Hemiprocne_
_Hirundinea_							_Hirundinea_
_Hydrornis_							_Hydrornis_
_Indicator_							_Indicator_
_Ithaginis_							_Ithaginis_
_Jacana_							_Jacana_
_Junco_								_Junco_
_Jynx_								_Jynx_
_Lagopus_							_Lagopus_
_Larus_								_Larus_
_Leipoa_							_Leipoa_
_Lepidocolaptes_						_Lepidocolaptes_
_Lepidothrix_							_Lepidothrix_
_Leptocoma_							_Leptocoma_
_Leptosomus_							_Leptosomus_
_Leptotila_							_Leptotila_
_Lophophorus_							_Lophophorus_
_Lophura_							_Lophura_
_Loxigilla_							_Loxigilla_
_Lyncornis_							_Lyncornis_
_Malacoptila_							_Malacoptila_
_Malurus_							_Malurus_
_Manacus_							_Manacus_
_Margaroperdix_							_Margaroperdix_
_Megaceryle_							_Megaceryle_
_Megapodius_							_Megapodius_
_Meleagris_							_Meleagris_
_Melopsittacus_							_Melopsittacus_
_Melospiza_							_Melospiza_
_Melozone_							_Melozone_
_Menura_							_Menura_
_Merops_							_Merops_
_Mesitornis_							_Mesitornis_
_Micropsitta_							_Micropsitta_
_Mionectes_							_Mionectes_
_Mitu_								_Mitu_
_Momotus_							_Momotus_
_Monias_							_Monias_
_Mycteria_							_Mycteria_
_Myiobius_							_Myiobius_
_Myrmornis_							_Myrmornis_
_Neopelma_							_Neopelma_
_Nestor_							_Nestor_
_Newtonia_							_Newtonia_
_Nothocrax_							_Nothocrax_
_Nucifraga_							_Nucifraga_
_Numida_							_Numida_
_Nyctibius_							_Nyctibius_
_Odontophorus_							_Odontophorus_
_Opisthocomus_							_Opisthocomus_
_Oreophasis_							_Oreophasis_
_Oreortyx_							_Oreortyx_
_Oriturus_							_Oriturus_
_Ortalis_							_Ortalis_
_Otidiphaps_							_Otidiphaps_
_Oxyruncus_							_Oxyruncus_
_Oxyura_							_Oxyura_
_Pachyramphus_							_Pachyramphus_
_Pandion_							_Pandion_
_Passer_							_Passer_
_Passerculus_							_Passerculus_
_Passerella_							_Passerella_
_Pauxi_								_Pauxi_
_Pavo_								_Pavo_
_Pedionomus_							_Pedionomus_
_Penelopina_							_Penelopina_
_Perdix_							_Perdix_
_Peucaea_							_Peucaea_
_Pezopetes_							_Pezopetes_
_Phaethon_							_Phaethon_
_Phalacrocorax_							_Phalacrocorax_
_Pharomachrus_							_Pharomachrus_
_Phasianus_							_Phasianus_
_Phegornis_							_Phegornis_
_Phoebastria_							_Phoebastria_
_Phoenicopterus_						_Phoenicopterus_
_Picathartes_							_Picathartes_
_Picus_								_Picus_
_Pipile_							_Pipile_
_Pipilo_							_Pipilo_
_Piprites_							_Piprites_
_Piranga_							_Piranga_
_Platalea_							_Platalea_
_Platycercus_							_Platycercus_
_Ploceus_							_Ploceus_
_Podargus_							_Podargus_
_Podiceps_							_Podiceps_
_Poecile_							_Poecile_
_Polyplectron_							_Polyplectron_
_Pooecetes_							_Pooecetes_
_Probosciger_							_Probosciger_
_Prodotiscus_							_Prodotiscus_
_Pseudeos_							_Pseudeos_
_Pseudopodoces_							_Pseudopodoces_
_Psittaculirostris_						_Psittaculirostris_
_Psittacus_							_Psittacus_
_Psittrichas_							_Psittrichas_
_Pternistis_							_Pternistis_
_Pterocles_							_Pterocles_
_Ptilinopus_							_Ptilinopus_
_Ptilonorhynchus_						_Ptilonorhynchus_
_Ptilopachus_							_Ptilopachus_
_Pucrasia_							_Pucrasia_
_Pycnonotus_							_Pycnonotus_
_Rallus_							_Rallus_
_Ramphastos_							_Ramphastos_
_Recurvirostra_							_Recurvirostra_
_Regulus_							_Regulus_
_Rhinopomastus_							_Rhinopomastus_
_Rhynchocyclus_							_Rhynchocyclus_
_Rhynchortyx_							_Rhynchortyx_
_Rhynchospiza_							_Rhynchospiza_
_Rhynochetos_							_Rhynochetos_
_Rostratula_							_Rostratula_
_Rupicola_							_Rupicola_
_Rynchops_							_Rynchops_
_Sagittarius_							_Sagittarius_
_Sapayoa_							_Sapayoa_
_Sarothrura_							_Sarothrura_
_Schiffornis_							_Schiffornis_
_Scleroptila_							_Scleroptila_
_Sclerurus_							_Sclerurus_
_Scopus_							_Scopus_
_Scytalopus_							_Scytalopus_
_Smithornis_							_Smithornis_
_Spheniscus_							_Spheniscus_
_Spizella_							_Spizella_
_Spizelloides_							_Spizelloides_
_Steatornis_							_Steatornis_
_Sterna_							_Sterna_
_Streptoprocne_							_Streptoprocne_
_Strix_								_Strix_
_Struthio_							_Struthio_
_Sylvia_							_Sylvia_
_Syrmaticus_							_Syrmaticus_
_Syrrhaptes_							_Syrrhaptes_
_Systellura_							_Systellura_
_Taeniopygia_							_Taeniopygia_
_Tetrao_							_Tetrao_
_Tetraogallus_							_Tetraogallus_
_Tetraophasis_							_Tetraophasis_
_Tetrastes_							_Tetrastes_
_Thamnophilus_							_Thamnophilus_
_Thinocorus_							_Thinocorus_
_Tiaris_							_Tiaris_
_Tinamus_							_Tinamus_
_Tityra_							_Tityra_
_Todus_								_Todus_
_Topaza_							_Topaza_
_Tragopan_							_Tragopan_
_Treron_							_Treron_
_Trichoglossus_							_Trichoglossus_
_Tringa_							_Tringa_
_Trogon_							_Trogon_
_Turdus_							_Turdus_
_Turnix_							_Turnix_
_Tympanuchus_							_Tympanuchus_
_Tyrannus_							_Tyrannus_
_Tyto_								_Tyto_
_Uria_								_Uria_
_Urocolius_							_Urocolius_
_Vanga_								_Vanga_
_Vidua_								_Vidua_
_Vini_								_Vini_
_Zonotrichia_							_Zonotrichia_
